{
    "page_type": "pulications",
    "articles": [
         {
            "title": "A Dynamically Stabilized Single‐Nickel Electrocatalyst for Selective Reduction of Oxygen to Hydrogen Peroxide", 
            "info": "Tingting Wang,  Zhongming Zeng , Lingyun Cao,  Zhe Li , Xuefu Hu , Bing An , Cheng Wang ,Wenbin Lin* Chem. Eur. J. 10.1002/chem.201804312", 
            "doi": "DOI: 10.1002/chem.201804312", 
            "link": "https://onlinelibrary.wiley.com/doi/abs/10.1002/chem.201804312"", 
            "toc": "chem.201804312.png",
            "publish_date": 20181002
        }, 
        {
            "title": "Synthetic Strategies for Constructing Two-Dimensional Metal-Organic Layers (MOLs): A Tutorial Review", 
            "info": "Lingyun Cao,Tingting Wang,and Cheng Wang* Chin. J. Chem. 2018, 36, 754－764", 
            "doi": "DOI: 10.1002/cjoc.201800144", 
            "link": "https://onlinelibrary.wiley.com/doi/abs/10.1002/cjoc.201800144"", 
            "toc": "cjoc.201800144.png",
            "publish_date": 20180523
        }, 
         {
            "title": "Two-Dimensional Metal–Organic Layers on Carbon Nanotubes to Overcome Conductivity Constraint in Electrocatalysis", 
            "info": "Ling Yang,† Lingyun Cao,† Ruiyun Huang,† Zhong-Wei Hou,† Xiang-Yang Qian,† Bing An,†Hai-Chao Xu,† Wenbin Lin,†,‡ and Cheng Wang*,ACS Appl. Mater. Interfaces XXXX, XXX, XXX−XXX", 
            "doi": "DOI: 10.1021/acsami.8b13356", 
            "link": "https://pubs.acs.org/doi/abs/10.1021/acsami.8b13356"", 
            "toc": "acsami.8b13356.png",
            "publish_date": 20180927
        }, 
        {
            "title": "Two-Dimensional Metal-Organic Layers as a Bright and Processable Phosphor for Fast White-Light Communication", 
            "info": "Xuefu Hu, Zi Wang, Bangjiang Lin*, Cankun Zhang, Lingyun Cao, Tingting Wang, Jingzheng Zhang, Cheng Wang*, Wenbin Lin* Chem.-Eur. J. 2017, 23, 8390-8394", 
            "doi": "DOI: 10.1002/chem.201702037", 
            "link": "http://onlinelibrary.wiley.com/doi/10.1002/chem.201702037/full\"", 
            "toc": "chem201702037-toc-0001_v1sa1185c0dccab2d4179e4d4568b29cbfe42e14742.png",
            "publish_date": 20170909
        }, 
        {
            "title": "Exciton Migration and Amplified Quenching on Two-Dimensional Metal–Organic Layers", 
            "info": "Lingyun Cao, Zekai Lin, Wenjie Shi, Zi Wang, Cankun Zhang, Xuefu Hu, Cheng Wang* , and Wenbin Lin*. J. Am. Chem. Soc. 2017, 139(20), 7020-7029", 
            "doi": "DOI: 10.1021/jacs.7b02470", 
            "link": "http://pubs.acs.org/doi/abs/10.1021/jacs.7b02470\"", 
            "toc": "ja-2017-02470t_0009.gif",
            "publish_date":20170303
        }, 
        {
            "title": "Confinement of Ultrasmall Cu/ZnOx Nanoparticles in Metal−Organic Frameworks for Selective Methanol Synthesis from Catalytic Hydrogenation of CO2", 
            "info": "Bing An, Jingzheng Zhang, Kang Cheng, Pengfei Ji, Cheng Wang,*, and Wenbin Lin* .J. Am. Chem. Soc. 2017,139, 3834-3840", 
            "doi": "DOI: 10.1021/jacs.7b00058", 
            "link": "http://pubs.acs.org/doi/full/10.1021/jacs.7b00058\"", 
            "toc": "Anbing2017ja-2017-00058n_0010.gif",
            "publish_date":20170217
        }, 
        {
            "title": "Surface Modification of Two-Dimensional Metal–Organic Layers Creates Biomimetic Catalytic Microenvironments for Selective Oxidation", 
            "info": "Wenjie Shi, Lingyun Cao, Hua Zhang, Xin Zhou, Bing An, Zekai Lin, Ruihan Dai, Jianfeng Li，Cheng Wang* and Wenbin Lin* Angew. Chem. Int. Ed. 2017, 53, 9404-9409.", 
            "doi": "DOI: 10.1002/anie.201703675", 
            "link": "http://onlinelibrary.wiley.com/doi/10.1002/anie.201703675/full\"", 
            "toc": "anie201783361-toc-0001_v1sae523591ada27df3604a8c04f5e236a6d5bad4cd.png",
            "publish_date":20170323
        }, 
        {
            "title": "Electron Crystallography Reveals Atomic Structures of Metal-Organic Nanoplates with M12(µ3-O)8(µ3-OH)8(µ2-OH)6 (M=Zr and Hf) Secondary Building Units", 
            "info": "Ruihan Dai#, Fei Peng#, Pengfei Ji#, Kuangda Lu, Cheng Wang*, Sun, Junliang*; Wenbin Lin* .Inorg. Chem. 2017, 56, 8128-8134", 
            "doi": "DOI: 10.1021/acs.inorgchem.7b00845", 
            "link": "http://pubs.acs.org/doi/full/10.1021/acs.inorgchem.7b00845\"", 
            "toc": "Dairuihanic-2017-00845d_0005.gif",
            "publish_date":20170122
        }, 
        {
            "title": "Through-space Förster-type Energy Transfer in Isostructural Zirconium and Hafnium-based Metal-Organic Layers", 
            "info": "Zi Wang, Yuxiu Liu, Zhiye Wang, Lingyun Cao, Yi Zhao, Cheng Wang*, Wenbin Lin Chem. Commun. 2017, 53, 9356 - 9359", 
            "doi": "DOI: 10.1039/C7CC03464D", 
            "link": "http://pubs.rsc.org/en/Content/ArticleLanding/2017/CC/C7CC03464D#!divAbstract\"", 
            "toc": "WANGZIGet_imageInfo.ImageTypeGAimageInfo.ImageIdentifier.ManuscriptIDC7CC03464D.gif",
            "publish_date":20170801
        }, 
        {
            "title": "Warm-White-Light-Emitting Diode Based on a Dye-Loaded Metal–Organic Framework for Fast White-Light Communication", 
            "info": "Zhiye Wang†∥, Zi Wang†∥, Bangjiang Lin*‡, XueFu Hu†, YunFeng Wei‡, Cankun Zhang†, Bing An†, Cheng Wang*† , and Wenbin Lin*†§ ACS Appl. Mater. Interfaces, 2017, 9 (40), pp 35253–35259", 
            "doi": "DOI: 10.1021/acsami.7b11277", 
            "link": "https://pubs.acs.org/doi/abs/10.1021/acsami.7b11277\"", 
            "toc": "am-2017-112779_0006.gif",
            "publish_date":20170918
        }, 
        {
            "title": "Molecular Iridium Complexes in Metal–Organic Frameworks Catalyze CO2 Hydrogenation via Concerted Proton and Hydride Transfer", 
            "info": "Bing An†§, Lingzhen Zeng†§, Mei Jia†§, Zhe Li†, Zekai Lin‡, Yang Song‡, Yang Zhou†, Jun Cheng*†, Cheng Wang*† , and Wenbin Lin*†‡ J. Am. Chem. Soc., 2017, 139 (49), pp 17747–17750", 
            "doi": "DOI: 10.1021/jacs.7b10922", 
            "link": "https://pubs.acs.org/doi/abs/10.1021/jacs.7b10922\"", 
            "toc": "ja-2017-10922p_0005.gif",
            "publish_date":20171128
        }, 
        {
            "title": "Electrocatalytic reduction of CO2 to CO with 100% faradaic efficiency by using pyrolyzed zeolitic imidazolate frameworks supported on carbon nanotube networks", 
            "info": "Ying Guo‡ , Huijuan Yang‡ , Xin Zhou , Kunlong Liu , Chao Zhang , Zhiyou Zhou , Cheng Wang * and Wenbin Lin J. Mater. Chem. A, 2017, 5, 24867-24873", 
            "doi": "DOI: 10.1039/C7TA08431E", 
            "link": "http://pubs.rsc.org/en/Content/ArticleLanding/2017/TA/C7TA08431E#!divAbstract\"", 
            "toc": "C7TA08431E.jpg",
            "publish_date":20171106
        }, 
        {
            "title": "Pyrolysis of Metal-Organic Frameworks to Fe3O4@Fe5C2 Core-Shell Nanoparticles for Fischer-Tropsch Synthesis", 
            "info": "An, Bing#; Cheng, Kang#; Wang, Cheng*; Wang, Ye*; Lin, Wenbin*. ACS Catalysis,2016,6, 3610-3618.", 
            "doi": "DOI: 10.1021/acscatal.6b00464", 
            "link": "http://pubs.acs.org/doi/full/10.1021/acscatal.6b00464\"", 
            "toc": "cs-2016-00464v_0012.gif",
            "publish_date":20160419
        }, 
        {
            "title": "A Rhenium-Functionalized Metal–Organic Framework as a Single-Site Catalyst for Photochemical Reduction of Carbon Dioxide", 
            "info": "Ruiyun Huang#, Yu Peng#, Cheng Wang*, Zhan Shi, and Wenbin Lin*,Eur.J. Inorg. Chem. 2016, 27, 4358-4362", 
            "doi": "DOI: 10.1002/ejic.201600064", 
            "link": "http://onlinelibrary.wiley.com/doi/10.1002/ejic.201600064/full\"", 
            "toc": "ejic201600064-toc-0001_v1s153d94d96f7c8896af2dc49942fff290f0c3aade.png",
            "publish_date":20160405
        }, 
        {
            "title": "Sulfur-Doping Achieves Efficient Oxygen Reduction in Pyrolyzed Zeolitic Imidazolate Frameworks", 
            "info": "Chao Zhang, Bing An, Ling Yang, Binbin Wu, Wei Shi, Yu-Cheng Wang, La-Sheng Long, Cheng Wang*, Wenbin Lin*. J. Mater. Chem. A, 2016, 4, 4457-4463", 
            "doi": "DOI: 10.1039/c6ta00768f", 
            "link": "http://pubs.rsc.org/en/Content/ArticleLanding/2016/TA/C6TA00768F#!divAbstract\"", 
            "toc": "TOC-ZC2016.png",
            "publish_date":20160216
        }, 
        {
            "title": "Förster Energy Transport in Metal-Organic Frameworks Is Not through Step-by-Step Hopping", 
            "info": "Qiongqiong Zhang[a] †, Cankun Zhang[a] †, Lingyun Cao[a] †, Zi Wang[a], Bing An[a], Zekai Lin[b], Ruiyun Huang, Zhiming Zhang, Cheng Wang*, and Wenbin Lin, .J. Am. Chem. Soc. 2016, 138, 5308−5315. （ACS Editors' Choice）", 
            "doi": "DOI: 10.1021/jacs.6b01345", 
            "link": "http://pubs.acs.org/doi/full/10.1021/jacs.6b01345\"", 
            "toc": "201604071610326492.png",
            "publish_date":20160325
        }, 
        {
            "title": "Self-Supporting Metal–Organic Layers as Single-Site Solid Catalysts", 
            "info": "Lingyun Cao#, Zekai Lin#, Fei Peng#, Weiwei Wang, Ruiyun Huang, Cheng Wang,* Jiawei Yan,Jie Liang, Zhiming Zhang, Teng Zhang, Lasheng Long, Junliang Sun,* and Wenbin Lin*,  Angew. Chem. Int. Ed. 2016, 55, 4962-4966.(inside back cover)", 
            "doi": "DOI: 10.1002/anie.201602121", 
            "link": "http://onlinelibrary.wiley.com/doi/10.1002/anie.201512054/full\"", 
            "toc": "201603141134146691cly.png",
            "publish_date":20160308
        }, 
        {
            "title": "Networking Pyrolyzed Zeolitic Imidazolate Frameworks by Carbon Nanotubes Improves Conductivity and Enhances Oxygen-Reduction Performance in Polymer-Electrolyte Membrane Fuel Cells", 
            "info": "Chao Zhang#, Yu-Cheng Wang#, Bing An, Ruiyun Huang, Cheng Wang,* Zhiyou Zhou,*and Wenbin Lin* Adv. Mater. 2016, 29, 1604556", 
            "doi": "DOI: 10.1002/adma.201604556", 
            "link": "http://onlinelibrary.wiley.com/doi/10.1002/adma.201604556/full\"", 
            "toc": "adma201604556-gra-0001_v1s61c1992b2dba09861a6227795e38137b7f95127e.png",
            "publish_date":20161122
        }, 
        {
            "title": "Highly Active Hydrogen Evolution Electrodes via Co-Deposition of Platinum and Polyoxometalates", 
            "info": ".Chao Zhang, Yahui Hong, Ruihan Dai, Xinping Lin, La-Sheng. Long, Cheng Wang,* and Wenbin Lin*,ACS Appl. Mater. Interfaces 2015, 7, 11648-11653", 
            "doi": "DOI: 10.1021/acsami.5b02899", 
            "link": "http://pubs.acs.org/doi/abs/10.1021/acsami.5b02899\"", 
            "toc": "ZHANGCHAO-1.jpg",
            "publish_date":20150312
        }, 
        {
            "title": "Pre-Concentration and Energy Transfer Enable the Efficient Luminescence Sensing of Transition Metalions by Metal–Organic Frameworks", 
            "info": "Xinping Lin, Yahui Hong, Chao Zhang, Ruiyun Huang, Cheng Wang* and Wenbin Lin* Chem. Commun. 2015, 51, 16996-16999", 
            "doi": "DOI: 10.1039/c5cc06453h", 
            "link": "http://pubs.rsc.org/en/Content/ArticleLanding/2015/CC/C5CC06453H#!divAbstract\"", 
            "toc": "Get_imageInfo.ImageTypeGAimageInfo.ImageIdentifier.ManuscriptIDC5CC06453H.gif",
            "publish_date":20150930
        }, 
        {
            "title": "Gadolinium Nicotinate Clusters as Potential MRI Contrast Agents", 
            "info": "Xinping Lin, Qiongqiong Zhang, Jiahe Chen, Xiangjian Kong, La-Sheng Long, Cheng Wang and Wenbin Lin*.  RSC Adv., 2015, 5, 2914-2919", 
            "doi": "DOI: 10.1039/c4ra07853e", 
            "link": "http://pubs.rsc.org/en/Content/ArticleLanding/2015/RA/C4RA07853E#!divAbstract\"", 
            "toc": "LXP_1_TOC.jpg",
            "publish_date":20141128
        }, 
        {
            "title": "Photosensitizing Metal−Organic Framework Enabling Visible-Light-Driven Proton Reduction by a Wells−Dawson-Type Polyoxometalate", 
            "info": "Zhi-Ming Zhang, Teng Zhang, Cheng Wang, Zekai Lin, La-Sheng Long, and Wenbin Lin*.J. Am. Chem. Soc. 2015, 137, 3197-3200", 
            "doi": "DOI: 10.1021/jacs.5b00075", 
            "link": "http://pubs.acs.org/doi/abs/10.1021/jacs.5b00075\"", 
            "toc": "ja-2015-000758_0004.gif",
            "publish_date":20150224
        }, 
        {
            "title": "A hybrid polyoxometalate-organic molecular catalyst for visible light driven water Oxidation", 
            "info": "Chao Zhang, Xinping Lin，Zhiming Zhang, La-Sheng Long, Cheng Wang  and Wenbin Lin*, Chem. Commun., 2014, 50, 11591-11594.", 
            "doi": "DOI:10.1039/C4CC03487B", 
            "link": "http://pubs.rsc.org/en/Content/ArticleLanding/2014/CC/C4CC03487B#!divAbstract\"", 
            "toc": "ZC_1_TOC.jpg",
            "publish_date":20140812
        }
    ]
}
